id,role_name,nickname,password,email,register_date
8ff343da-787c-4097-b3be-eadc10c51c93,default_user,johnsonjoshua_268680_0000,cs&JX4P@$a24Vd!l,johnsonjoshua_268680_0000@generated.local,2023-04-02
8b01ebe8-7136-4a75-84c1-7631b2f53179,default_user,curtis61_268680_0001,lgR5GSnX^Ue$T9i5,curtis61_268680_0001@generated.local,2024-12-06
e51aa7be-e089-4209-a694-8fc83bbf5c6d,default_user,francisco53_268680_0002,ZX0f0GWZTc_j4#Bv,francisco53_268680_0002@generated.local,2025-12-05
d0bf3f13-9415-48b8-af19-014e774cfbd1,moderator,ithomas_268680_0003,8JViz_Oh$+RcWGWM,ithomas_268680_0003@generated.local,2022-11-01
7b599131-1d27-4452-b229-a2f8b42f2887,default_user,amoore_268680_0004,1Q4AZX+yR+R!B@ur,amoore_268680_0004@generated.local,2022-09-25
98ac65d7-bd17-4ba0-a732-8606cdb19015,default_user,wcabrera_268680_0005,(SEqJ3Rv2B2aKQ(4,wcabrera_268680_0005@generated.local,2025-03-22
231b0cdd-2630-40d2-a098-9581da9c1404,default_user,perezrebecca_268680_0006,8^RQrU5MI&1Ehp%a,perezrebecca_268680_0006@generated.local,2025-08-04
831df199-229b-48ff-a077-799bd172cdd8,default_user,wrightjames_268680_0007,*2uKpf$znxuoNN3H,wrightjames_268680_0007@generated.local,2026-05-01
f30530db-319f-430c-ab93-1dd833eb752d,moderator,sara74_268680_0008,O&48g%BwNuR%Vo^^,sara74_268680_0008@generated.local,2024-11-12
aa87a116-77f4-4b46-9b37-7261be7f8267,default_user,ksandoval_268680_0009,bB5)ZLug!(TIRP)D,ksandoval_268680_0009@generated.local,2023-01-08
9c694ee6-1874-4b63-9141-2b9741526d73,default_user,cheryl80_268680_0010,v87rg+83_cJP6t$Y,cheryl80_268680_0010@generated.local,2025-06-22
5cef00b8-e51d-410b-89f6-991698046a76,moderator,evan78_268680_0011,(vd+6FSa$Ev+#Rcb,evan78_268680_0011@generated.local,2025-11-06
15416ff5-42bb-4fae-bd5a-c3ebd79ea5b1,default_user,nicolejohnson_268680_0012,lpn7k*qp+mZ5k4@2,nicolejohnson_268680_0012@generated.local,2024-12-15
381e64e2-edf9-4c29-af1c-d2b951de276e,default_user,ifrazier_268680_0013,1x^(KfiWPGU0eDuR,ifrazier_268680_0013@generated.local,2026-03-09
2f54c8d6-bd93-4ae8-a0c2-a340f577a8b7,default_user,cindy14_268680_0014,CdT2b4n0UInA3kV(,cindy14_268680_0014@generated.local,2025-01-09
ef5f9298-b27b-431c-9646-1828c9f48e27,default_user,zachary95_268680_0015,42@3N@^jY2dO6V!h,zachary95_268680_0015@generated.local,2025-08-09
648a373c-a2b9-4f83-9641-acd3fe0fa39e,default_user,pwilliams_268680_0016,MRTBhKm7@tK+pLEz,pwilliams_268680_0016@generated.local,2022-09-13
ea5a681d-1e8f-4f61-808d-fcda3e44ad71,default_user,jimmy55_268680_0017,5de%ISI3J(V1EeG!,jimmy55_268680_0017@generated.local,2024-07-17
72f9292e-1485-4b55-a87f-23be06557e8d,default_user,tracynelson_268680_0018,blfouyRt*b0JM1kC,tracynelson_268680_0018@generated.local,2025-05-25
2a5fe7bf-ee0a-4640-a269-1d0bd67056da,default_user,fking_268680_0019,$w4*wr#6o05X(wM6,fking_268680_0019@generated.local,2022-10-27
2b0f512c-d973-40ae-99bb-1cbfc20030eb,default_user,hickmanbarbara_268680_0020,^dY6joW(yjD&FWDg,hickmanbarbara_268680_0020@generated.local,2024-12-06
f22bca9f-b266-462c-95fd-1b0150f6fb04,default_user,bzimmerman_268680_0021,XujMn8U6v8#hUbCi,bzimmerman_268680_0021@generated.local,2023-10-23
a600b276-7608-4bd6-b20a-148e0cb0a650,default_user,matthew94_268680_0022,&fOidZOk(40QVNgJ,matthew94_268680_0022@generated.local,2023-08-13
c4c385d0-b22b-49ca-be6c-9ca5037fc5f7,default_user,davidlee_268680_0023,@4N8YQ8*241@R8yw,davidlee_268680_0023@generated.local,2024-09-07
c329672e-f0d2-43b2-8e5c-88027a975b66,default_user,vmendoza_268680_0024,(pOUc+mw&#TIW0IG,vmendoza_268680_0024@generated.local,2024-10-29
5983b438-52ce-4edc-b76c-d19a58defa72,default_user,mezajared_268680_0025,+0^$LVVceeLcu4Ya,mezajared_268680_0025@generated.local,2024-12-24
2a3654b8-b882-4c5b-adcc-46e78c42b1fa,moderator,margaret10_268680_0026,#xKMAT8R4WrgW@4b,margaret10_268680_0026@generated.local,2024-04-09
c15b3dd0-cf7b-4db3-af31-a51f8306a059,default_user,lmoon_268680_0027,)6IB*+IObHi#&Upj,lmoon_268680_0027@generated.local,2023-02-21
47f1aa98-7a60-4bb9-a520-210da146eae1,moderator,cindy77_268680_0028,)9rNIYle!3I4o(wr,cindy77_268680_0028@generated.local,2024-01-20
cd4229e2-c42a-4832-90f9-60b2d3d4b4a3,default_user,pbaird_268680_0029,2Wh_^jpDk7*8nUEm,pbaird_268680_0029@generated.local,2024-08-06
d8203ea2-d9e6-41f2-a3a5-237cec894719,default_user,ugibson_268680_0030,$j$3SmGbmyO#PVmq,ugibson_268680_0030@generated.local,2024-01-11
53b6a9af-1aae-4e0b-aec6-d9316d6034e4,default_user,charlesharrington_268680_0031,H^C5RTYrO%X5c9w&,charlesharrington_268680_0031@generated.local,2026-01-01
ff04609b-0fa6-4030-8f34-d67b49b48d62,default_user,nguyenbrian_268680_0032,6I510NGcO^5ZMbeM,nguyenbrian_268680_0032@generated.local,2026-03-03
9104ae16-b9c7-4813-b077-80ba8a36ecfc,default_user,danielle64_268680_0033,p*GE9dGmH*q4ythn,danielle64_268680_0033@generated.local,2024-11-15
cce2c82b-efbf-4724-ac1e-f6a5c4c9638e,default_user,courtneyberger_268680_0034,KUgJ9h0)R_0tn7zN,courtneyberger_268680_0034@generated.local,2026-03-29
41085076-6db2-48bd-8e06-16da01bd5ab9,default_user,karenperez_268680_0035,Fk6RLbbrm_(5@rZt,karenperez_268680_0035@generated.local,2024-12-26
a8ab7dfd-1475-4781-96a8-5989b8f3791f,moderator,taylorsophia_268680_0036,5RGFwdD7fra%Xvdd,taylorsophia_268680_0036@generated.local,2022-10-15
3e6f6c75-d59b-4a53-aafb-cb56bd022261,default_user,amy50_268680_0037,&m&3Gd$C4k3nTVm5,amy50_268680_0037@generated.local,2022-10-30
b0e10f6b-0374-477a-98a2-e519afbeb4af,moderator,andersonmichael_268680_0038,$9gQhNjP(Pv$KqQa,andersonmichael_268680_0038@generated.local,2024-02-04
0ff6dd58-5e24-4ea1-8927-470d1db99ca0,default_user,henryrenee_268680_0039,_)YVeGWtPJ@(a1Kq,henryrenee_268680_0039@generated.local,2025-09-12
7d23db68-fe6e-45ad-bc50-7e39481fd76b,default_user,gperry_268680_0040,6^cN&&JhFv%6TKIq,gperry_268680_0040@generated.local,2022-10-21
1f641040-8752-4248-8f51-ea86ed2861d1,default_user,ericolson_268680_0041,@84JRlYbTXa5#8iu,ericolson_268680_0041@generated.local,2024-08-27
0119447d-1931-4432-bfcb-0a9096f1f422,default_user,vjones_268680_0042,RFL0BCxW_+h$&CJW,vjones_268680_0042@generated.local,2023-10-09
bc3b2f89-af84-4a94-8ac9-582c4b9b5885,default_user,campbellerika_268680_0043,$*8!A3_6C!hVjePn,campbellerika_268680_0043@generated.local,2024-02-19
902f430e-2bb5-40b2-9d1d-1f08c9e692c8,moderator,umorse_268680_0044,eI6@CSXmu&)6VQHA,umorse_268680_0044@generated.local,2024-06-06
7c8d85c8-d2de-483b-8f4a-38d702dc8f6a,default_user,schmidtjames_268680_0045,m552Xia1jO^iLuuZ,schmidtjames_268680_0045@generated.local,2024-04-07
2dde6f29-cc79-41a8-886d-a7307d57d836,default_user,laura90_268680_0046,M^F98y&VGUwg$tCj,laura90_268680_0046@generated.local,2022-10-21
33df3ba2-160c-4da2-bc5f-cd506c20f5a7,default_user,toni18_268680_0047,ezBXhtGjc$2_CTG6,toni18_268680_0047@generated.local,2023-08-19
d7ee314d-6f1d-4c44-93e5-6269354f294b,default_user,tanderson_268680_0048,ZC4Rmzt&b@@AwDi2,tanderson_268680_0048@generated.local,2024-06-02
54344038-8015-41ab-b10e-1111ee7a3263,default_user,stanleynancy_268680_0049,+1dYsfTEfxX)k52m,stanleynancy_268680_0049@generated.local,2024-03-27
ff5dfe03-f0eb-4d40-ac5b-3dc4fe02ef73,default_user,kimberly88_268680_0050,&q$NFveQ)&+2PGzt,kimberly88_268680_0050@generated.local,2022-08-08
19681942-8239-440d-9122-7bba7c8e74f0,default_user,joe15_268680_0051,oak09ndde$!^6KSf,joe15_268680_0051@generated.local,2023-08-05
27792401-2d53-4e65-a3aa-90d4e28758c0,default_user,allendanielle_268680_0052,)7RYUf9!EU1bCEwd,allendanielle_268680_0052@generated.local,2024-12-06
e59dfd19-c8db-4073-b9dd-f086c77fdb30,default_user,jon05_268680_0053,a@Vh)ExZnH5N1)ev,jon05_268680_0053@generated.local,2026-02-14
7644a8d4-54c6-4ad1-bebf-560ac8456ed1,default_user,ihays_268680_0054,Z94$aBlK*KwD1yFk,ihays_268680_0054@generated.local,2024-07-27
d255ff70-a76d-449f-86de-9a28f57ec1aa,moderator,curtis54_268680_0055,J%7$TEz8yw^ZElww,curtis54_268680_0055@generated.local,2023-05-02
c1317a5d-ffa2-4973-960d-9b0a2c70e098,default_user,michael90_268680_0056,wFi2RHV6()OGT77o,michael90_268680_0056@generated.local,2022-12-07
af3da588-5304-42ad-9198-cb09e6ef71b7,default_user,hayesrachel_268680_0057,*zbeS9A+ed014yZv,hayesrachel_268680_0057@generated.local,2025-08-09
09b69221-62ce-4603-b059-eb99744aea5a,default_user,cherylmiller_268680_0058,N%I6WB^MQxnSVi)P,cherylmiller_268680_0058@generated.local,2023-01-18
b3ea5cb0-d070-4598-a7a6-02f9a44120d3,default_user,sarah35_268680_0059,24CYX&iV(0YsCu$p,sarah35_268680_0059@generated.local,2025-06-16
b918c1dc-2999-4361-b851-026720d1b68c,default_user,bmontgomery_268680_0060,wNl*u^%KN38Jfgpy,bmontgomery_268680_0060@generated.local,2023-05-11
fcb45043-0729-4ae2-a0a0-882c5688c1a7,default_user,adamsjohn_268680_0061,p@xsmvJm+zM0O&HL,adamsjohn_268680_0061@generated.local,2022-08-04
278ceeb2-af7d-4eb2-b1a5-ead3025cb1b8,default_user,pharper_268680_0062,!*)7JH$$TE9_rSnY,pharper_268680_0062@generated.local,2025-07-27
2e7c85bc-0f44-40d4-a14a-2846200ea155,default_user,angela52_268680_0063,$$_CNLWQC90QgACm,angela52_268680_0063@generated.local,2023-09-18
26924cb6-7a38-4d64-82b6-662d8dbf3a3c,default_user,whitneybrandy_268680_0064,7axU0$NQfj+m5Tp2,whitneybrandy_268680_0064@generated.local,2024-01-16
70b0c89c-51b4-47de-87df-73642eac2dc2,default_user,roberthampton_268680_0065,QTzNFwWe*0qcl7Nw,roberthampton_268680_0065@generated.local,2025-02-24
aafe3589-48e4-4f42-af78-dbb49b521e80,default_user,wstewart_268680_0066,USs4Jj_d(^uah3n8,wstewart_268680_0066@generated.local,2023-05-12
f5f65150-c5ca-4473-860a-706383a11bbe,default_user,danawilliams_268680_0067,*&!SupvrN2xBW5&U,danawilliams_268680_0067@generated.local,2025-07-17
c4cc2697-891c-47a0-b14d-4aa06f277acf,moderator,sharonhayden_268680_0068,U*y9zAjvo%0(0L71,sharonhayden_268680_0068@generated.local,2024-10-31
d533845b-1a15-43b2-9667-1a3498e5a1f4,default_user,gwilcox_268680_0069,*yN1!vL7C^U7M5bM,gwilcox_268680_0069@generated.local,2024-12-11
9f56ec1e-3ee8-4a9a-a471-9ccff950a379,default_user,michael33_268680_0070,h#IS7Eo46hq&Le^T,michael33_268680_0070@generated.local,2023-09-14
b57eae62-618e-4d93-b20f-89c8f96527af,default_user,nwilson_268680_0071,s+9)ITTbAP6!4^Jc,nwilson_268680_0071@generated.local,2024-01-10
91b41586-fe9b-4899-b40a-514fa50de303,default_user,katiegood_268680_0072,LtF^xq)m(zH)_6Ly,katiegood_268680_0072@generated.local,2023-05-19
e639dbd7-1b80-4953-887b-2403ce08f3fe,moderator,eric31_268680_0073,vr5%TLby6!6Rhj_z,eric31_268680_0073@generated.local,2026-05-02
8d47dcd9-2207-4360-9363-ebb298ac8201,default_user,roberthill_268680_0074,Y(Ox9bkBI+FhNXfe,roberthill_268680_0074@generated.local,2023-12-11
cbc02a26-ec3b-4a76-90e5-1ddfd7504d3b,default_user,james17_268680_0075,n$F^#^R1b43tAt3x,james17_268680_0075@generated.local,2023-12-23
252cc29d-e6ac-4561-a3fa-e02387add96b,default_user,andrearowe_268680_0076,E7PO7yuot&IT4R7v,andrearowe_268680_0076@generated.local,2023-09-16
681c34f1-1575-4717-9314-3d40b48f0e88,default_user,phudson_268680_0077,*8UfgMgE_S1rzvQo,phudson_268680_0077@generated.local,2022-12-09
295e60e6-c70c-4160-ba4e-772bab19b785,default_user,carloshernandez_268680_0078,%Zv$8ORl@fR9PdJv,carloshernandez_268680_0078@generated.local,2023-02-27
d0c4ca81-ae07-46a6-a82f-8930d61c472f,default_user,lisa46_268680_0079,T@4Moapo&G5%!0OK,lisa46_268680_0079@generated.local,2023-03-27
e90bd962-468a-4ec5-ba72-aae47efb903c,default_user,enelson_268680_0080,a_4@s_mmuATRocSG,enelson_268680_0080@generated.local,2022-10-12
2b3fffee-61da-4457-a44e-aa793335d722,default_user,marypeterson_268680_0081,CYjLMSF1VG)9y^7G,marypeterson_268680_0081@generated.local,2022-10-25
c1311349-5090-4e1c-b7ed-e6f1dcacd32a,default_user,hahnsean_268680_0082,1LTI1c&W%G9GEssy,hahnsean_268680_0082@generated.local,2023-08-05
cea49d04-090e-4dff-ba0e-94b44edc6b35,default_user,kthomas_268680_0083,N^66NVj*A&4XlCCm,kthomas_268680_0083@generated.local,2024-04-21
84c7c5d3-438e-480a-bcff-7d03e9704803,default_user,tamaranovak_268680_0084,5FmH7TVSc%wMeS9z,tamaranovak_268680_0084@generated.local,2023-05-11
d53fd82c-fe2d-4afd-a8e2-53c1e6b4bb4e,default_user,jennifermccormick_268680_0085,VRu7I#xdmV@(Tp0X,jennifermccormick_268680_0085@generated.local,2022-06-07
07ce0cb3-b415-4530-a528-48c74b655ce3,default_user,jeffrey88_268680_0086,FMc)+zN9u&n9DDHo,jeffrey88_268680_0086@generated.local,2025-04-11
5162a2bd-3cb4-4942-a137-f79d06eb945c,default_user,tflores_268680_0087,Zc0y60ATw5H1!1kX,tflores_268680_0087@generated.local,2022-05-29
0cc0036e-5e13-4c2d-9ffc-b47062c75109,default_user,jamiegoodwin_268680_0088,q19LzpRZW@DDoXme,jamiegoodwin_268680_0088@generated.local,2022-11-11
2d89f703-f7e5-49a7-8957-8b948a035d25,moderator,daryl52_268680_0089,_G1ZdZzTO_BL(6Nt,daryl52_268680_0089@generated.local,2024-05-05
7d5b489c-699d-4caa-bf54-de92416e5fa6,default_user,cunninghamlaura_268680_0090,49j4jOPi7$zSiBK4,cunninghamlaura_268680_0090@generated.local,2025-11-21
7327d79d-4c2a-4652-bf43-d722c274130b,default_user,colemichael_268680_0091,m3gDyXJX@7lURW0y,colemichael_268680_0091@generated.local,2026-03-29
abfcf512-8a2b-4c65-82e8-a6ee0c8b0236,default_user,rsellers_268680_0092,6enicOU7IL_2&QWe,rsellers_268680_0092@generated.local,2024-09-19
a755876a-bb9b-4d79-9770-def563d805fb,default_user,simonstephen_268680_0093,_4J57CCUTNDc$*zM,simonstephen_268680_0093@generated.local,2026-05-11
9c272a5f-99f3-469d-b85f-9764c0127b6f,default_user,sharris_268680_0094,#E&Fa$YfhJ4*3^iQ,sharris_268680_0094@generated.local,2026-05-05
9202da20-9c13-4a80-a3dd-c6493624144c,default_user,ebenson_268680_0095,g*Br@jc)z_R!a3MY,ebenson_268680_0095@generated.local,2022-09-26
d783a7ed-8da5-4c7a-90a1-8a84443854a4,default_user,taylordavid_268680_0096,B+8&SWWndoaALPh6,taylordavid_268680_0096@generated.local,2022-11-03
c5459dc7-91ee-46b0-a5a0-40cc35e72de3,moderator,elittle_268680_0097,)p(F0iwj@%7#LkPY,elittle_268680_0097@generated.local,2023-07-02
4fe769f5-eefb-4a53-b764-82005f4061b6,default_user,christian32_268680_0098,(nc%5Mo%&KLXAggs,christian32_268680_0098@generated.local,2026-03-15
cd285be5-dabf-4a87-83f5-93ec263fbc0f,default_user,gary24_268680_0099,+1Q7yYOa%p0+jsbY,gary24_268680_0099@generated.local,2023-11-05
